{"stats":{"minecraft:killed_by":{"minecraft:player":1},"minecraft:picked_up":{"minecraft:torch":1,"minecraft:white_concrete":5,"minecraft:dark_oak_fence_gate":3,"minecraft:stripped_dark_oak_log":9},"minecraft:used":{"minecraft:ender_eye":12,"minecraft:stone_sword":5,"minecraft:stripped_dark_oak_log":4,"minecraft:end_crystal":4,"minecraft:flint_and_steel":15,"minecraft:tnt":56,"minecraft:goat_horn":1,"minecraft:grass_block":4,"minecraft:carrot_on_a_stick":34,"minecraft:end_portal_frame":12,"minecraft:obsidian":2,"minecraft:deepslate":21},"minecraft:dropped":{"minecraft:gold_nugget":1,"minecraft:dirt":1,"minecraft:glass":1},"minecraft:custom":{"minecraft:time_since_rest":12955,"minecraft:open_chest":18,"minecraft:crouch_one_cm":3530,"minecraft:play_time":30554,"minecraft:sprint_one_cm":43277,"minecraft:deaths":6,"minecraft:damage_taken":1616,"minecraft:walk_one_cm":28658,"minecraft:sneak_time":4880,"minecraft:drop":3,"minecraft:jump":279,"minecraft:inspect_hopper":4,"minecraft:damage_dealt":54,"minecraft:leave_game":1,"minecraft:walk_on_water_one_cm":219,"minecraft:time_since_death":12934,"minecraft:climb_one_cm":1309,"minecraft:total_world_time":30554,"minecraft:damage_resisted":84,"minecraft:fall_one_cm":27673,"minecraft:fly_one_cm":866683,"minecraft:player_kills":1}},"DataVersion":3218}