{"stats":{"minecraft:killed":{"minecraft:player":4},"minecraft:used":{"minecraft:water_bucket":4,"minecraft:stone_sword":2,"minecraft:crossbow":6,"minecraft:repeating_command_block":1,"minecraft:spruce_planks":1,"minecraft:iron_sword":33},"minecraft:custom":{"minecraft:time_since_rest":45428,"minecraft:crouch_one_cm":1681,"minecraft:walk_one_cm":26124,"minecraft:play_time":54190,"minecraft:sprint_one_cm":38588,"minecraft:damage_taken":1966,"minecraft:damage_absorbed":200,"minecraft:deaths":5,"minecraft:sneak_time":597,"minecraft:jump":248,"minecraft:damage_dealt":966,"minecraft:leave_game":1,"minecraft:walk_on_water_one_cm":688,"minecraft:time_since_death":45402,"minecraft:total_world_time":54190,"minecraft:climb_one_cm":937,"minecraft:damage_resisted":337,"minecraft:fall_one_cm":4193,"minecraft:fly_one_cm":225397,"minecraft:player_kills":4}},"DataVersion":3218}