{"stats":{"minecraft:custom":{"minecraft:time_since_rest":176,"minecraft:sprint_one_cm":153212,"minecraft:damage_taken":4175,"minecraft:walk_one_cm":65714,"minecraft:drop":2,"minecraft:inspect_hopper":1,"minecraft:damage_dealt":785,"minecraft:fly_one_cm":1631278,"minecraft:player_kills":1,"minecraft:open_barrel":3,"minecraft:open_chest":22,"minecraft:crouch_one_cm":7195,"minecraft:play_time":96449,"minecraft:deaths":40,"minecraft:sneak_time":8943,"minecraft:walk_under_water_one_cm":541,"minecraft:interact_with_lectern":7,"minecraft:jump":929,"minecraft:time_since_death":152,"minecraft:leave_game":12,"minecraft:walk_on_water_one_cm":1098,"minecraft:climb_one_cm":2575,"minecraft:total_world_time":100329,"minecraft:damage_resisted":896,"minecraft:fall_one_cm":18171},"minecraft:dropped":{"minecraft:ender_eye":1,"minecraft:command_block":1},"minecraft:used":{"minecraft:writable_book":5,"minecraft:stone_sword":7,"minecraft:spruce_door":38,"minecraft:chiseled_deepslate":33,"minecraft:command_block":8,"minecraft:grass_block":1,"minecraft:iron_axe":16,"minecraft:redstone":6,"minecraft:polished_andesite":2,"minecraft:carrot_on_a_stick":38,"minecraft:oak_sign":10,"minecraft:lectern":5,"minecraft:spruce_planks":8,"minecraft:sculk":3,"minecraft:redstone_block":62,"minecraft:smooth_quartz":35,"minecraft:glow_ink_sac":2,"minecraft:deepslate":71,"minecraft:written_book":1,"minecraft:goat_horn":4,"minecraft:chain_command_block":4,"minecraft:repeating_command_block":5,"minecraft:stone_pressure_plate":1,"minecraft:gray_wool":31},"minecraft:picked_up":{"minecraft:stone_button":1,"minecraft:redstone":2,"minecraft:spruce_door":2,"minecraft:gray_stained_glass_pane":130,"minecraft:command_block":1,"minecraft:oak_sign":1,"minecraft:writable_book":3,"minecraft:written_book":37,"minecraft:ender_eye":1,"minecraft:crimson_roots":2},"minecraft:killed_by":{"minecraft:player":5}},"DataVersion":3218}