{"stats":{"minecraft:custom":{"minecraft:time_since_rest":420,"minecraft:crouch_one_cm":504,"minecraft:damage_taken":3340,"minecraft:sprint_one_cm":99586,"minecraft:play_time":18637,"minecraft:deaths":8,"minecraft:walk_one_cm":62985,"minecraft:sneak_time":287,"minecraft:walk_under_water_one_cm":447,"minecraft:mob_kills":10,"minecraft:jump":324,"minecraft:damage_dealt":920,"minecraft:leave_game":3,"minecraft:walk_on_water_one_cm":319,"minecraft:time_since_death":394,"minecraft:climb_one_cm":888,"minecraft:total_world_time":18637,"minecraft:swim_one_cm":399,"minecraft:fall_one_cm":35279,"minecraft:fly_one_cm":182665},"minecraft:killed":{"minecraft:sheep":4,"minecraft:pig":1,"minecraft:cow":5},"minecraft:broken":{"minecraft:iron_hoe":2},"minecraft:picked_up":{"minecraft:feather":4,"minecraft:chicken":3,"minecraft:beef":5,"minecraft:porkchop":1,"minecraft:spruce_slab":8,"minecraft:mutton":1,"minecraft:white_wool":1},"minecraft:used":{"minecraft:iron_hoe":10,"minecraft:beef":2}},"DataVersion":3465}