{"stats":{"minecraft:custom":{"minecraft:open_barrel":6,"minecraft:open_chest":1,"minecraft:time_since_rest":326,"minecraft:crouch_one_cm":2630,"minecraft:damage_taken":100,"minecraft:sprint_one_cm":55298,"minecraft:play_time":52852,"minecraft:walk_one_cm":58370,"minecraft:deaths":12,"minecraft:sneak_time":3823,"minecraft:mob_kills":1,"minecraft:interact_with_lectern":3,"minecraft:jump":388,"minecraft:damage_dealt":70,"minecraft:leave_game":5,"minecraft:time_since_death":299,"minecraft:total_world_time":53229,"minecraft:fall_one_cm":3961,"minecraft:fly_one_cm":386261},"minecraft:killed":{"minecraft:pig":1},"minecraft:picked_up":{"minecraft:redstone_block":1,"minecraft:written_book":4,"minecraft:grass_block":1},"minecraft:used":{"minecraft:iron_hoe":1,"minecraft:writable_book":3,"minecraft:acacia_sign":16,"minecraft:written_book":4,"minecraft:grass_block":17,"minecraft:birch_sign":1,"minecraft:redstone":6,"minecraft:barrier":76,"minecraft:andesite":4,"minecraft:oak_sign":3,"minecraft:repeating_command_block":6,"minecraft:lectern":13,"minecraft:spruce_planks":1,"minecraft:stone":20,"minecraft:redstone_block":18,"minecraft:smooth_quartz":2,"minecraft:spruce_sign":1,"minecraft:glow_ink_sac":1,"minecraft:stone_bricks":4}},"DataVersion":3465}