{"stats":{"minecraft:used":{"minecraft:lever":1,"minecraft:red_sand":2,"minecraft:warped_fungus_on_a_stick":72,"minecraft:command_block":11,"minecraft:iron_block":21,"minecraft:armor_stand":20,"minecraft:barrier":3,"minecraft:carrot_on_a_stick":118,"minecraft:quartz_block":2,"minecraft:oak_sign":11,"minecraft:redstone_block":22,"minecraft:white_dye":1,"minecraft:glow_ink_sac":6,"minecraft:blue_dye":1,"minecraft:spyglass":28,"minecraft:light_blue_dye":5,"minecraft:chain_command_block":3,"minecraft:cyan_dye":1},"minecraft:dropped":{"minecraft:iron_block":1,"minecraft:dirt":1,"minecraft:repeating_command_block":8,"minecraft:lever":2,"minecraft:player_head":4,"minecraft:repeater":1,"minecraft:charcoal":1,"minecraft:wooden_axe":1,"minecraft:warped_fungus_on_a_stick":2,"minecraft:iron_boots":2,"minecraft:smooth_stone":1,"minecraft:carrot_on_a_stick":1},"minecraft:picked_up":{"minecraft:wooden_axe":1,"minecraft:charcoal":1,"minecraft:repeater":1,"minecraft:warped_fungus_on_a_stick":2,"minecraft:carrot_on_a_stick":1,"minecraft:dirt":1,"minecraft:repeating_command_block":8,"minecraft:smooth_stone":1,"minecraft:lever":2,"minecraft:iron_block":1,"minecraft:iron_boots":2},"minecraft:custom":{"minecraft:time_since_rest":93340,"minecraft:sprint_one_cm":182216,"minecraft:damage_taken":1265,"minecraft:walk_one_cm":124591,"minecraft:drop":21,"minecraft:damage_dealt":0,"minecraft:fly_one_cm":320597,"minecraft:crouch_one_cm":11103,"minecraft:play_time":127018,"minecraft:deaths":4,"minecraft:sneak_time":6068,"minecraft:jump":966,"minecraft:leave_game":9,"minecraft:time_since_death":93320,"minecraft:total_world_time":127018,"minecraft:climb_one_cm":3430,"minecraft:fall_one_cm":62454}},"DataVersion":2975}