{"stats":{"minecraft:crafted":{"minecraft:leather_leggings":1,"minecraft:leather_boots":1,"minecraft:leather_chestplate":1},"minecraft:killed":{"minecraft:zombie":1},"minecraft:used":{"minecraft:netherite_sword":3,"minecraft:red_sand":3,"minecraft:iron_bars":1,"minecraft:warped_fungus_on_a_stick":115,"minecraft:smooth_quartz_slab":1,"minecraft:redstone":4,"minecraft:polished_andesite":8,"minecraft:carrot_on_a_stick":58,"minecraft:ladder":5,"minecraft:oak_sign":48,"minecraft:sandstone":3,"minecraft:redstone_block":106,"minecraft:glow_ink_sac":18,"minecraft:leather_boots":1,"minecraft:player_head":6,"minecraft:dirt":4,"minecraft:sand":1,"minecraft:comparator":5,"minecraft:vine":10,"minecraft:light_blue_dye":1,"minecraft:white_bed":1,"minecraft:painting":4,"minecraft:end_stone":24,"minecraft:polished_diorite":6,"minecraft:glass":5,"minecraft:lever":10,"minecraft:sea_lantern":58,"minecraft:black_concrete":2,"minecraft:gray_dye":1,"minecraft:command_block":30,"minecraft:quartz_slab":26,"minecraft:heavy_weighted_pressure_plate":6,"minecraft:iron_block":378,"minecraft:grass_block":6,"minecraft:oak_button":1,"minecraft:stone_button":6,"minecraft:quartz_block":16,"minecraft:bedrock":2,"minecraft:repeater":3,"minecraft:cobbled_deepslate_slab":15,"minecraft:lime_stained_glass":23,"minecraft:chain_command_block":8,"minecraft:repeating_command_block":44,"minecraft:red_dye":5,"minecraft:chorus_plant":5,"minecraft:powder_snow_bucket":2,"minecraft:smooth_stone":10},"minecraft:picked_up":{"minecraft:wooden_axe":2,"minecraft:charcoal":2,"minecraft:redstone_block":2,"minecraft:repeater":1,"minecraft:warped_fungus_on_a_stick":1,"minecraft:carrot_on_a_stick":1,"minecraft:heavy_weighted_pressure_plate":3,"minecraft:dirt":2,"minecraft:oak_sign":1,"minecraft:smooth_stone":2,"minecraft:comparator":3,"minecraft:player_head":67,"minecraft:iron_boots":2,"minecraft:redstone":2,"minecraft:rotten_flesh":3,"minecraft:repeating_command_block":9,"minecraft:command_block":4,"minecraft:lever":2,"minecraft:iron_block":3},"minecraft:dropped":{"minecraft:player_head":74,"minecraft:iron_block":1,"minecraft:deepslate_copper_ore":1,"minecraft:charcoal":1,"minecraft:wooden_axe":1},"minecraft:custom":{"minecraft:mob_kills":1,"minecraft:leave_game":18,"minecraft:time_since_death":88,"minecraft:climb_one_cm":8871,"minecraft:damage_resisted":90,"minecraft:time_since_rest":111,"minecraft:sprint_one_cm":219076,"minecraft:damage_taken":1041,"minecraft:walk_one_cm":188942,"minecraft:drop":78,"minecraft:damage_dealt":201,"minecraft:talked_to_villager":1,"minecraft:fly_one_cm":3226578,"minecraft:open_chest":1,"minecraft:crouch_one_cm":17614,"minecraft:play_time":347554,"minecraft:deaths":20,"minecraft:sneak_time":12608,"minecraft:jump":1199,"minecraft:walk_on_water_one_cm":871,"minecraft:total_world_time":348605,"minecraft:fall_one_cm":34151}},"DataVersion":3218}