{"stats":{"minecraft:picked_up":{"minecraft:item_frame":2,"minecraft:filled_map":1},"minecraft:custom":{"minecraft:jump":142,"minecraft:time_since_rest":54006,"minecraft:crouch_one_cm":3542,"minecraft:sprint_one_cm":20020,"minecraft:leave_game":2,"minecraft:play_time":54006,"minecraft:damage_taken":10,"minecraft:time_since_death":54006,"minecraft:walk_one_cm":63264,"minecraft:sneak_time":1711,"minecraft:total_world_time":54006,"minecraft:fall_one_cm":335,"minecraft:fly_one_cm":164593},"minecraft:used":{"minecraft:item_frame":10,"minecraft:oak_sign":127,"minecraft:quartz_block":3,"minecraft:orange_dye":1,"minecraft:blue_dye":1,"minecraft:glow_ink_sac":13,"minecraft:iron_block":16}},"DataVersion":2975}