{"stats":{"minecraft:dropped":{"minecraft:glow_ink_sac":2},"minecraft:used":{"minecraft:spruce_planks":2},"minecraft:picked_up":{"minecraft:zombie_spawn_egg":1,"minecraft:glow_ink_sac":3,"minecraft:diamond":1,"minecraft:creeper_spawn_egg":1,"minecraft:guardian_spawn_egg":1},"minecraft:custom":{"minecraft:jump":199,"minecraft:open_chest":16,"minecraft:time_since_rest":10399,"minecraft:crouch_one_cm":21,"minecraft:leave_game":3,"minecraft:sprint_one_cm":14396,"minecraft:play_time":10399,"minecraft:damage_taken":30,"minecraft:time_since_death":10399,"minecraft:walk_one_cm":9454,"minecraft:sneak_time":188,"minecraft:total_world_time":10399,"minecraft:damage_resisted":140,"minecraft:drop":2,"minecraft:fall_one_cm":4483,"minecraft:fly_one_cm":68930}},"DataVersion":3337}