{"stats":{"minecraft:dropped":{"minecraft:diamond":1,"minecraft:blue_concrete":1},"minecraft:used":{"minecraft:glass":33,"minecraft:green_terracotta":1,"minecraft:black_concrete":1,"minecraft:lime_terracotta":5,"minecraft:command_block":18,"minecraft:spruce_slab":11,"minecraft:spruce_button":8,"minecraft:barrier":4,"minecraft:chain_command_block":6,"minecraft:stone_button":2,"minecraft:oak_sign":25,"minecraft:repeating_command_block":6,"minecraft:spruce_planks":38,"minecraft:stone":2,"minecraft:red_terracotta":1,"minecraft:redstone_block":18,"minecraft:blue_concrete":1,"minecraft:spruce_log":53,"minecraft:hopper_minecart":2,"minecraft:glow_ink_sac":1,"minecraft:barrel":1},"minecraft:picked_up":{"minecraft:chain_command_block":1,"minecraft:barrier":1,"minecraft:redstone_block":1,"minecraft:repeating_command_block":1,"minecraft:pig_spawn_egg":1,"minecraft:blue_concrete":1},"minecraft:custom":{"minecraft:open_barrel":8,"minecraft:time_since_rest":6052,"minecraft:open_chest":35,"minecraft:deaths":6,"minecraft:crouch_one_cm":3478,"minecraft:play_time":84547,"minecraft:sprint_one_cm":66087,"minecraft:walk_one_cm":39652,"minecraft:damage_taken":280,"minecraft:sneak_time":4186,"minecraft:drop":2,"minecraft:jump":477,"minecraft:damage_dealt":30,"minecraft:leave_game":12,"minecraft:time_since_death":6052,"minecraft:total_world_time":85243,"minecraft:damage_resisted":300,"minecraft:fall_one_cm":5289,"minecraft:fly_one_cm":607935}},"DataVersion":3337}